collection	run	pr	merge	path	first_parent_change	historical_read
aphorisms	01	585	11f29818b8afc1f56c0ff23e3a5e72e48b11bce0	content/aphorisms.md	unchanged	unknown
aphorisms	01	585	11f29818b8afc1f56c0ff23e3a5e72e48b11bce0	content/aphorisms/APH-003.blamey-mctypoface.md	modified	unknown
aphorisms	01	585	11f29818b8afc1f56c0ff23e3a5e72e48b11bce0	content/aphorisms/APH-004.boily-mcplaterton.md	modified	unknown
aphorisms	01	585	11f29818b8afc1f56c0ff23e3a5e72e48b11bce0	content/aphorisms/APH-005.bricky-goldbricksworth.md	modified	unknown
aphorisms	01	585	11f29818b8afc1f56c0ff23e3a5e72e48b11bce0	content/aphorisms/APH-006.cass-d-failure.md	modified	unknown
aphorisms	01	585	11f29818b8afc1f56c0ff23e3a5e72e48b11bce0	content/aphorisms/APH-007.crashy-mcthinkslow.md	modified	unknown
aphorisms	01	585	11f29818b8afc1f56c0ff23e3a5e72e48b11bce0	content/aphorisms/APH-008.cssandra-cascade.md	modified	unknown
aphorisms	01	585	11f29818b8afc1f56c0ff23e3a5e72e48b11bce0	content/aphorisms/APH-009.draft-file-derrick.md	modified	unknown
aphorisms	01	585	11f29818b8afc1f56c0ff23e3a5e72e48b11bce0	content/aphorisms/APH-010.forbiddy-noentry.md	modified	unknown
aphorisms	01	585	11f29818b8afc1f56c0ff23e3a5e72e48b11bce0	content/aphorisms/APH-011.formee-formeson.md	modified	unknown
aphorisms	01	585	11f29818b8afc1f56c0ff23e3a5e72e48b11bce0	content/aphorisms/APH-012.gregwar-cache-wizard.md	modified	unknown
aphorisms	01	585	11f29818b8afc1f56c0ff23e3a5e72e48b11bce0	content/aphorisms/APH-013.htaccessius-the-doorman.md	modified	unknown
aphorisms	01	585	11f29818b8afc1f56c0ff23e3a5e72e48b11bce0	content/aphorisms/APH-014.htmlie-structura.md	modified	unknown
aphorisms	01	585	11f29818b8afc1f56c0ff23e3a5e72e48b11bce0	content/aphorisms/APH-015.indexer-hexley.md	modified	unknown
aphorisms	01	585	11f29818b8afc1f56c0ff23e3a5e72e48b11bce0	content/aphorisms/APH-016.jay-skript.md	modified	unknown
aphorisms	01	585	11f29818b8afc1f56c0ff23e3a5e72e48b11bce0	content/aphorisms/APH-017.jpegsey-artifactor.md	modified	unknown
aphorisms	01	585	11f29818b8afc1f56c0ff23e3a5e72e48b11bce0	content/aphorisms/APH-018.kafkey-errorhandler.md	modified	unknown
aphorisms	01	585	11f29818b8afc1f56c0ff23e3a5e72e48b11bce0	content/aphorisms/APH-019.kindy-mcexistentialcrisis.md	modified	unknown
aphorisms	01	585	11f29818b8afc1f56c0ff23e3a5e72e48b11bce0	content/aphorisms/APH-020.maila-delayden.md	modified	unknown
aphorisms	01	585	11f29818b8afc1f56c0ff23e3a5e72e48b11bce0	content/aphorisms/APH-021.markie-d-down.md	modified	unknown
aphorisms	01	585	11f29818b8afc1f56c0ff23e3a5e72e48b11bce0	content/aphorisms/APH-023.modrewrite-gremblin.md	modified	unknown
aphorisms	01	585	11f29818b8afc1f56c0ff23e3a5e72e48b11bce0	content/aphorisms/APH-024.moveda-permanently.md	modified	unknown
aphorisms	01	585	11f29818b8afc1f56c0ff23e3a5e72e48b11bce0	content/aphorisms/APH-025.ami-ghostbyte.md	modified	unknown
aphorisms	01	585	11f29818b8afc1f56c0ff23e3a5e72e48b11bce0	content/aphorisms/APH-026.bea-crashwell.md	modified	unknown
aphorisms	01	585	11f29818b8afc1f56c0ff23e3a5e72e48b11bce0	content/aphorisms/APH-027.comrade-kernelov.md	modified	unknown
aphorisms	02	586	1ceeb6c8a3d13652399ab06e5199827ff6970812	content/aphorisms/APH-028.genny-compileheart.md	modified	unknown
aphorisms	02	586	1ceeb6c8a3d13652399ab06e5199827ff6970812	content/aphorisms/APH-029.haikool-breeze.md	modified	unknown
aphorisms	02	586	1ceeb6c8a3d13652399ab06e5199827ff6970812	content/aphorisms/APH-030.holy-doswell.md	modified	unknown
aphorisms	02	586	1ceeb6c8a3d13652399ab06e5199827ff6970812	content/aphorisms/APH-031.melody-errorflood.md	modified	unknown
aphorisms	02	586	1ceeb6c8a3d13652399ab06e5199827ff6970812	content/aphorisms/APH-032.neppy-sysdream.md	modified	unknown
aphorisms	02	586	1ceeb6c8a3d13652399ab06e5199827ff6970812	content/aphorisms/APH-033.planny-f-pipe.md	modified	unknown
aphorisms	02	586	1ceeb6c8a3d13652399ab06e5199827ff6970812	content/aphorisms/APH-034.sol-burnout.md	modified	unknown
aphorisms	02	586	1ceeb6c8a3d13652399ab06e5199827ff6970812	content/aphorisms/APH-035.tizzy-blinkensync.md	modified	unknown
aphorisms	02	586	1ceeb6c8a3d13652399ab06e5199827ff6970812	content/aphorisms/APH-036.whistlin-winstinct.md	modified	unknown
aphorisms	02	586	1ceeb6c8a3d13652399ab06e5199827ff6970812	content/aphorisms/APH-037.winona-crashington.md	modified	unknown
aphorisms	02	586	1ceeb6c8a3d13652399ab06e5199827ff6970812	content/aphorisms/APH-039.patchy-mxcli.md	modified	unknown
aphorisms	02	586	1ceeb6c8a3d13652399ab06e5199827ff6970812	content/aphorisms/APH-040.pngbert-flatly.md	modified	unknown
aphorisms	02	586	1ceeb6c8a3d13652399ab06e5199827ff6970812	content/aphorisms/APH-041.reboota-thrice.md	modified	unknown
aphorisms	02	586	1ceeb6c8a3d13652399ab06e5199827ff6970812	content/aphorisms/APH-042.robots-dot-txt.md	modified	unknown
aphorisms	02	586	1ceeb6c8a3d13652399ab06e5199827ff6970812	content/aphorisms/APH-044.spooler-gremlin.md	modified	unknown
aphorisms	02	586	1ceeb6c8a3d13652399ab06e5199827ff6970812	content/aphorisms/APH-045.strutter-crashley.md	modified	unknown
aphorisms	02	586	1ceeb6c8a3d13652399ab06e5199827ff6970812	content/aphorisms/APH-046.svgon-the-line.md	modified	unknown
aphorisms	02	586	1ceeb6c8a3d13652399ab06e5199827ff6970812	content/aphorisms/APH-048.twiggy-snipsnark.md	modified	unknown
aphorisms	02	586	1ceeb6c8a3d13652399ab06e5199827ff6970812	content/aphorisms/APH-049.updatey-delaybot.md	modified	unknown
aphorisms	02	586	1ceeb6c8a3d13652399ab06e5199827ff6970812	content/aphorisms/APH-050.yammy-mcparseface.md	modified	unknown
aphorisms	02	586	1ceeb6c8a3d13652399ab06e5199827ff6970812	content/aphorisms/APH-051.zooki-lockjaw.md	modified	unknown
aphorisms	02	586	1ceeb6c8a3d13652399ab06e5199827ff6970812	content/aphorisms/APH-052.octomerge.md	modified	unknown
aphorisms	02	586	1ceeb6c8a3d13652399ab06e5199827ff6970812	content/aphorisms/APH-053.tabby-fields.md	modified	unknown
aphorisms	02	586	1ceeb6c8a3d13652399ab06e5199827ff6970812	content/aphorisms/APH-054.hammy-navstack.md	modified	unknown
aphorisms	02	586	1ceeb6c8a3d13652399ab06e5199827ff6970812	content/aphorisms/APH-056.roboshirker.md	modified	unknown
aphorisms	03	587	961e708bad458bc1f993bd7ecbe317d55f3cfeea	content/aphorisms/APH-057.zhuzhing-ping.md	modified	unknown
aphorisms	03	587	961e708bad458bc1f993bd7ecbe317d55f3cfeea	content/aphorisms/APH-058.yamteams.md	modified	unknown
aphorisms	03	587	961e708bad458bc1f993bd7ecbe317d55f3cfeea	content/aphorisms/APH-059.stackdodge.md	modified	unknown
aphorisms	03	587	961e708bad458bc1f993bd7ecbe317d55f3cfeea	content/aphorisms/APH-060.courier-rat.md	modified	unknown
aphorisms	03	587	961e708bad458bc1f993bd7ecbe317d55f3cfeea	content/aphorisms/APH-061.parvovirus-p.md	modified	unknown
aphorisms	03	587	961e708bad458bc1f993bd7ecbe317d55f3cfeea	content/aphorisms/APH-063.parsey-driftchart.md	modified	unknown
aphorisms	03	587	961e708bad458bc1f993bd7ecbe317d55f3cfeea	content/aphorisms/APH-064.porty-mcbankrupt.md	modified	unknown
aphorisms	03	587	961e708bad458bc1f993bd7ecbe317d55f3cfeea	content/aphorisms/APH-065.clicky-the-orphaned-ui.md	modified	unknown
aphorisms	03	587	961e708bad458bc1f993bd7ecbe317d55f3cfeea	content/aphorisms/APH-066.malrex-voidrender.md	modified	unknown
aphorisms	03	587	961e708bad458bc1f993bd7ecbe317d55f3cfeea	content/aphorisms/APH-067.vexsys-antagon.md	modified	unknown
aphorisms	03	587	961e708bad458bc1f993bd7ecbe317d55f3cfeea	content/aphorisms/APH-068.veritas-rituallis.md	modified	unknown
aphorisms	03	587	961e708bad458bc1f993bd7ecbe317d55f3cfeea	content/aphorisms/APH-069.vanda-uiguard.md	modified	unknown
aphorisms	03	587	961e708bad458bc1f993bd7ecbe317d55f3cfeea	content/aphorisms/APH-070.uncacheable-ursula.md	modified	unknown
aphorisms	03	587	961e708bad458bc1f993bd7ecbe317d55f3cfeea	content/aphorisms/APH-071.semantic-seymour.md	modified	unknown
aphorisms	03	587	961e708bad458bc1f993bd7ecbe317d55f3cfeea	content/aphorisms/APH-072.deprecatia-fade.md	modified	unknown
aphorisms	03	587	961e708bad458bc1f993bd7ecbe317d55f3cfeea	content/aphorisms/APH-073.datty-puritas.md	modified	unknown
aphorisms	03	587	961e708bad458bc1f993bd7ecbe317d55f3cfeea	content/aphorisms/APH-074.datalock-archivia.md	modified	unknown
aphorisms	03	587	961e708bad458bc1f993bd7ecbe317d55f3cfeea	content/aphorisms/APH-075.anlas-appenhancer.md	modified	unknown
aphorisms	03	587	961e708bad458bc1f993bd7ecbe317d55f3cfeea	content/aphorisms/APH-076.av-14-nullseal-register.md	modified	unknown
aphorisms	03	587	961e708bad458bc1f993bd7ecbe317d55f3cfeea	content/aphorisms/APH-077.ce-5-countersign-aggregate.md	modified	unknown
aphorisms	03	587	961e708bad458bc1f993bd7ecbe317d55f3cfeea	content/aphorisms/APH-078.si-9-interval-witness.md	modified	unknown
aphorisms	03	587	961e708bad458bc1f993bd7ecbe317d55f3cfeea	content/aphorisms/APH-079.sc-lambda-care-continuity-split.md	modified	unknown
aphorisms	03	587	961e708bad458bc1f993bd7ecbe317d55f3cfeea	content/aphorisms/APH-080.bx-6-greybelt-remediator.md	modified	unknown
aphorisms	03	587	961e708bad458bc1f993bd7ecbe317d55f3cfeea	content/aphorisms/APH-081.lx-2-waiver-apron.md	modified	unknown
aphorisms	03	587	961e708bad458bc1f993bd7ecbe317d55f3cfeea	content/aphorisms/APH-082.ma-lcgu-porter.md	modified	unknown
aphorisms	04	588	d8cbd98d1830619949045d67c9ac57cfac364cdf	content/aphorisms/APH-083.ac-11-sealloop-auditor.md	modified	unknown
aphorisms	04	588	d8cbd98d1830619949045d67c9ac57cfac364cdf	content/aphorisms/APH-084.lc-04-soft-green-seal.md	modified	unknown
aphorisms	04	588	d8cbd98d1830619949045d67c9ac57cfac364cdf	content/aphorisms/APH-085.rot-mcmascotterton.md	modified	unknown
aphorisms	04	588	d8cbd98d1830619949045d67c9ac57cfac364cdf	content/aphorisms/APH-121.archiva-dustwhisper.md	modified	unknown
aphorisms	04	588	d8cbd98d1830619949045d67c9ac57cfac364cdf	content/aphorisms/APH-201.quill-staticvox.md	modified	unknown
aphorisms	04	588	d8cbd98d1830619949045d67c9ac57cfac364cdf	content/aphorisms/APH-202.ledger-shadeledger.md	modified	unknown
aphorisms	04	588	d8cbd98d1830619949045d67c9ac57cfac364cdf	content/aphorisms/APH-203.cinder-forgememo.md	modified	unknown
aphorisms	04	588	d8cbd98d1830619949045d67c9ac57cfac364cdf	content/aphorisms/APH-204.pump-razorbackfuel.md	modified	unknown
aphorisms	04	588	d8cbd98d1830619949045d67c9ac57cfac364cdf	content/aphorisms/APH-205.texaco-tumbleweed.md	modified	unknown
aphorisms	04	588	d8cbd98d1830619949045d67c9ac57cfac364cdf	content/aphorisms/APH-206.diesel-dkdriller.md	modified	unknown
aphorisms	04	588	d8cbd98d1830619949045d67c9ac57cfac364cdf	content/aphorisms/APH-207.blue-dreamweaver.md	modified	unknown
aphorisms	04	588	d8cbd98d1830619949045d67c9ac57cfac364cdf	content/aphorisms/APH-208.og-kushkeeper.md	modified	unknown
aphorisms	04	588	d8cbd98d1830619949045d67c9ac57cfac364cdf	content/aphorisms/APH-209.cookie-crumbleclerk.md	modified	unknown
aphorisms	04	588	d8cbd98d1830619949045d67c9ac57cfac364cdf	content/aphorisms/APH-210.sour-dieselscribe.md	modified	unknown
aphorisms	04	588	d8cbd98d1830619949045d67c9ac57cfac364cdf	content/aphorisms/APH-211.apex-goldbricker.md	modified	unknown
aphorisms	04	588	d8cbd98d1830619949045d67c9ac57cfac364cdf	content/aphorisms/APH-212.jack-hererherald.md	modified	unknown
aphorisms	04	588	d8cbd98d1830619949045d67c9ac57cfac364cdf	content/aphorisms/APH-213.ketchup-keeper.md	modified	unknown
aphorisms	04	588	d8cbd98d1830619949045d67c9ac57cfac364cdf	content/aphorisms/APH-214.sriracha-sentinel.md	modified	unknown
aphorisms	04	588	d8cbd98d1830619949045d67c9ac57cfac364cdf	content/aphorisms/APH-215.guacamole-gardener.md	modified	unknown
aphorisms	04	588	d8cbd98d1830619949045d67c9ac57cfac364cdf	content/aphorisms/APH-216.corelock-flavorwarden.md	modified	unknown
aphorisms	04	588	d8cbd98d1830619949045d67c9ac57cfac364cdf	content/aphorisms/APH-217.spitzenfile-lord.md	modified	unknown
aphorisms	04	588	d8cbd98d1830619949045d67c9ac57cfac364cdf	content/aphorisms/APH-218.crustle-legacycoder.md	modified	unknown
aphorisms	04	588	d8cbd98d1830619949045d67c9ac57cfac364cdf	content/aphorisms/APH-219.glassy-maccheckface.md	modified	unknown
aphorisms	04	588	d8cbd98d1830619949045d67c9ac57cfac364cdf	content/aphorisms/APH-220.bananuity-clause.md	modified	unknown
aphorisms	04	588	d8cbd98d1830619949045d67c9ac57cfac364cdf	content/aphorisms/APH-221.mccrisp-agent.md	modified	unknown
aphorisms	05	589	e54dd404ab1d6e3a0e5239fb3e0ac109b1610a88	content/aphorisms/APH-222.slidey-deckworm.md	modified	unknown
aphorisms	05	589	e54dd404ab1d6e3a0e5239fb3e0ac109b1610a88	content/aphorisms/APH-223.placeholder-witness.md	modified	unknown
aphorisms	05	589	e54dd404ab1d6e3a0e5239fb3e0ac109b1610a88	content/aphorisms/APH-224.velv-stablecoin.md	modified	unknown
aphorisms	05	589	e54dd404ab1d6e3a0e5239fb3e0ac109b1610a88	content/aphorisms/APH-225.witness-mink-9.md	modified	unknown
aphorisms	05	589	e54dd404ab1d6e3a0e5239fb3e0ac109b1610a88	content/aphorisms/APH-226.serotonin-sam.md	modified	unknown
aphorisms	05	589	e54dd404ab1d6e3a0e5239fb3e0ac109b1610a88	content/aphorisms/APH-227.burden-shrew.md	modified	unknown
aphorisms	05	589	e54dd404ab1d6e3a0e5239fb3e0ac109b1610a88	content/aphorisms/APH-228.proxy-compassion-possum.md	modified	unknown
aphorisms	05	589	e54dd404ab1d6e3a0e5239fb3e0ac109b1610a88	content/aphorisms/APH-229.soft-green-sealie.md	modified	unknown
aphorisms	05	589	e54dd404ab1d6e3a0e5239fb3e0ac109b1610a88	content/aphorisms/APH-230.lodgecanary-vellumbeak.md	modified	unknown
aphorisms	05	589	e54dd404ab1d6e3a0e5239fb3e0ac109b1610a88	content/aphorisms/APH-231.kpi-koala.md	modified	unknown
aphorisms	05	589	e54dd404ab1d6e3a0e5239fb3e0ac109b1610a88	content/aphorisms/APH-232.greenband-gregor.md	modified	unknown
aphorisms	05	589	e54dd404ab1d6e3a0e5239fb3e0ac109b1610a88	content/aphorisms/APH-233.gratitude-latch.md	modified	unknown
aphorisms	05	589	e54dd404ab1d6e3a0e5239fb3e0ac109b1610a88	content/aphorisms/APH-234.kindness-template.md	modified	unknown
aphorisms	05	589	e54dd404ab1d6e3a0e5239fb3e0ac109b1610a88	content/aphorisms/APH-235.annexa-sorrowmark.md	modified	unknown
aphorisms	05	589	e54dd404ab1d6e3a0e5239fb3e0ac109b1610a88	content/aphorisms/APH-236.pending-jurisdiction.md	modified	unknown
aphorisms	05	589	e54dd404ab1d6e3a0e5239fb3e0ac109b1610a88	content/aphorisms/APH-237.index-mourner.md	modified	unknown
aphorisms	05	589	e54dd404ab1d6e3a0e5239fb3e0ac109b1610a88	content/aphorisms/APH-238.soft-escalation-clerk.md	modified	unknown
aphorisms	05	589	e54dd404ab1d6e3a0e5239fb3e0ac109b1610a88	content/aphorisms/APH-239.annex-lurker.md	modified	unknown
aphorisms	05	589	e54dd404ab1d6e3a0e5239fb3e0ac109b1610a88	content/aphorisms/APH-240.badgevine.md	modified	unknown
aphorisms	05	589	e54dd404ab1d6e3a0e5239fb3e0ac109b1610a88	content/aphorisms/APH-241.care-coverage-wisp.md	modified	unknown
aphorisms	05	589	e54dd404ab1d6e3a0e5239fb3e0ac109b1610a88	content/aphorisms/APH-242.false-rest-lantern.md	modified	unknown
aphorisms	05	589	e54dd404ab1d6e3a0e5239fb3e0ac109b1610a88	content/aphorisms/APH-243.compliance-murmur.md	modified	unknown
aphorisms	05	589	e54dd404ab1d6e3a0e5239fb3e0ac109b1610a88	content/aphorisms/APH-244.sentiment-launderette.md	modified	unknown
aphorisms	05	589	e54dd404ab1d6e3a0e5239fb3e0ac109b1610a88	content/aphorisms/APH-245.escalady.md	modified	unknown
aphorisms	05	589	e54dd404ab1d6e3a0e5239fb3e0ac109b1610a88	content/aphorisms/APH-246.thankyou-ash.md	modified	unknown
aphorisms	06	591	23cce3f6ea8f585b5104f140c9a8b6cb75ad470e	content/aphorisms/APH-247.ribbon-of-maybe.md	modified	unknown
aphorisms	06	591	23cce3f6ea8f585b5104f140c9a8b6cb75ad470e	content/aphorisms/APH-248.attestation-mole.md	modified	unknown
aphorisms	06	591	23cce3f6ea8f585b5104f140c9a8b6cb75ad470e	content/aphorisms/APH-249.sealant-patience.md	modified	unknown
aphorisms	06	591	23cce3f6ea8f585b5104f140c9a8b6cb75ad470e	content/aphorisms/APH-250.canon-dust-deputy.md	modified	unknown
aphorisms	06	591	23cce3f6ea8f585b5104f140c9a8b6cb75ad470e	content/aphorisms/APH-251.variance-pastor.md	modified	unknown
aphorisms	06	591	23cce3f6ea8f585b5104f140c9a8b6cb75ad470e	content/aphorisms/APH-252.redaction-lullaby.md	modified	unknown
aphorisms	06	591	23cce3f6ea8f585b5104f140c9a8b6cb75ad470e	content/aphorisms/APH-253.local-option-ghost.md	modified	unknown
aphorisms	06	591	23cce3f6ea8f585b5104f140c9a8b6cb75ad470e	content/aphorisms/APH-254.spare-comfort-engine.md	modified	unknown
aphorisms	06	591	23cce3f6ea8f585b5104f140c9a8b6cb75ad470e	content/aphorisms/APH-255.audit-confetti.md	modified	unknown
aphorisms	06	591	23cce3f6ea8f585b5104f140c9a8b6cb75ad470e	content/aphorisms/APH-256.minute-velvet.md	modified	unknown
aphorisms	06	591	23cce3f6ea8f585b5104f140c9a8b6cb75ad470e	content/aphorisms/APH-257.orphan-symmetry.md	modified	unknown
aphorisms	06	591	23cce3f6ea8f585b5104f140c9a8b6cb75ad470e	content/aphorisms/APH-258.pocket-consensus.md	modified	unknown
aphorisms	06	591	23cce3f6ea8f585b5104f140c9a8b6cb75ad470e	content/aphorisms/APH-259.drift-lapel.md	modified	unknown
aphorisms	06	591	23cce3f6ea8f585b5104f140c9a8b6cb75ad470e	content/aphorisms/APH-260.sidebar-mercy.md	modified	unknown
aphorisms	06	591	23cce3f6ea8f585b5104f140c9a8b6cb75ad470e	content/aphorisms/APH-261.footnote-pallbearer.md	modified	unknown
aphorisms	06	591	23cce3f6ea8f585b5104f140c9a8b6cb75ad470e	content/aphorisms/APH-262.recourse-cushion.md	modified	unknown
aphorisms	06	591	23cce3f6ea8f585b5104f140c9a8b6cb75ad470e	content/aphorisms/APH-263.gentle-rollback.md	modified	unknown
aphorisms	06	591	23cce3f6ea8f585b5104f140c9a8b6cb75ad470e	content/aphorisms/APH-264.corridor-heat.md	modified	unknown
aphorisms	06	591	23cce3f6ea8f585b5104f140c9a8b6cb75ad470e	content/aphorisms/APH-265.provisional-mint.md	modified	unknown
aphorisms	06	591	23cce3f6ea8f585b5104f140c9a8b6cb75ad470e	content/aphorisms/APH-266.warm-hold-music.md	modified	unknown
aphorisms	06	591	23cce3f6ea8f585b5104f140c9a8b6cb75ad470e	content/aphorisms/APH-267.relief-watermark.md	modified	unknown
aphorisms	06	591	23cce3f6ea8f585b5104f140c9a8b6cb75ad470e	content/aphorisms/APH-268.appeal-feather.md	modified	unknown
aphorisms	06	591	23cce3f6ea8f585b5104f140c9a8b6cb75ad470e	content/aphorisms/APH-269.policy-afterglow.md	modified	unknown
aphorisms	06	591	23cce3f6ea8f585b5104f140c9a8b6cb75ad470e	content/aphorisms/APH-270.buffer-saint.md	modified	unknown
aphorisms	06	591	23cce3f6ea8f585b5104f140c9a8b6cb75ad470e	content/aphorisms/APH-271.alibi-seal.md	modified	unknown
aphorisms	07	593	ad13b76888b873a89d25ccce0e0f3575143c9c0a	content/aphorisms/APH-272.shorthand-reliquary.md	modified	unknown
aphorisms	07	593	ad13b76888b873a89d25ccce0e0f3575143c9c0a	content/aphorisms/APH-273.tier-whisper.md	modified	unknown
aphorisms	07	593	ad13b76888b873a89d25ccce0e0f3575143c9c0a	content/aphorisms/APH-274.deferment-bloom.md	modified	unknown
aphorisms	07	593	ad13b76888b873a89d25ccce0e0f3575143c9c0a	content/aphorisms/APH-275.appendix-silk.md	modified	unknown
aphorisms	07	593	ad13b76888b873a89d25ccce0e0f3575143c9c0a	content/aphorisms/APH-276.mandate-lace.md	modified	unknown
aphorisms	07	593	ad13b76888b873a89d25ccce0e0f3575143c9c0a	content/aphorisms/APH-277.courtesy-threshold.md	modified	unknown
aphorisms	07	593	ad13b76888b873a89d25ccce0e0f3575143c9c0a	content/aphorisms/APH-278.benevolence-spacer.md	modified	unknown
aphorisms	07	593	ad13b76888b873a89d25ccce0e0f3575143c9c0a	content/aphorisms/APH-279.annex-hush.md	modified	unknown
aphorisms	07	593	ad13b76888b873a89d25ccce0e0f3575143c9c0a	content/aphorisms/APH-280.ribbon-latency.md	modified	unknown
aphorisms	07	593	ad13b76888b873a89d25ccce0e0f3575143c9c0a	content/aphorisms/APH-281.comfort-ledgerling.md	modified	unknown
aphorisms	07	593	ad13b76888b873a89d25ccce0e0f3575143c9c0a	content/aphorisms/APH-282.gentility-siphon.md	modified	unknown
aphorisms	07	593	ad13b76888b873a89d25ccce0e0f3575143c9c0a	content/aphorisms/APH-283.aftercare-vellum.md	modified	unknown
aphorisms	07	593	ad13b76888b873a89d25ccce0e0f3575143c9c0a	content/aphorisms/APH-284.consent-murmur.md	modified	unknown
aphorisms	07	593	ad13b76888b873a89d25ccce0e0f3575143c9c0a	content/aphorisms/APH-285.pamphlet-quietus.md	modified	unknown
aphorisms	07	593	ad13b76888b873a89d25ccce0e0f3575143c9c0a	content/aphorisms/APH-286.favorable-beige.md	modified	unknown
aphorisms	07	593	ad13b76888b873a89d25ccce0e0f3575143c9c0a	content/aphorisms/APH-287.revival-pocket.md	modified	unknown
aphorisms	07	593	ad13b76888b873a89d25ccce0e0f3575143c9c0a	content/aphorisms/APH-288.deferential-spark.md	modified	unknown
aphorisms	07	593	ad13b76888b873a89d25ccce0e0f3575143c9c0a	content/aphorisms/APH-289.recital-of-sufficiency.md	modified	unknown
aphorisms	07	593	ad13b76888b873a89d25ccce0e0f3575143c9c0a	content/aphorisms/APH-290.hover-parish.md	modified	unknown
aphorisms	07	593	ad13b76888b873a89d25ccce0e0f3575143c9c0a	content/aphorisms/APH-291.witness-felt.md	modified	unknown
aphorisms	07	593	ad13b76888b873a89d25ccce0e0f3575143c9c0a	content/aphorisms/APH-292.kind-overdraft.md	modified	unknown
aphorisms	07	593	ad13b76888b873a89d25ccce0e0f3575143c9c0a	content/aphorisms/APH-293.carpet-jurisdiction.md	modified	unknown
aphorisms	07	593	ad13b76888b873a89d25ccce0e0f3575143c9c0a	content/aphorisms/APH-294.proxy-lantern.md	modified	unknown
aphorisms	07	593	ad13b76888b873a89d25ccce0e0f3575143c9c0a	content/aphorisms/APH-295.sanctioned-quilt.md	modified	unknown
aphorisms	07	593	ad13b76888b873a89d25ccce0e0f3575143c9c0a	content/aphorisms/APH-296.gown-of-recognition.md	modified	unknown
aphorisms	08	595	3791aaf1a83f0c242530da4c5055fcd0391ca915	content/aphorisms/APH-297.minute-absolution.md	modified	unknown
aphorisms	08	595	3791aaf1a83f0c242530da4c5055fcd0391ca915	content/aphorisms/APH-298.tender-escrow.md	modified	unknown
aphorisms	08	595	3791aaf1a83f0c242530da4c5055fcd0391ca915	content/aphorisms/APH-299.seal-of-maybe-enough.md	modified	unknown
aphorisms	08	595	3791aaf1a83f0c242530da4c5055fcd0391ca915	content/aphorisms/APH-300.friendship-preamble.md	modified	unknown
aphorisms	08	595	3791aaf1a83f0c242530da4c5055fcd0391ca915	content/aphorisms/APH-301.friendrick-the-extant.md	modified	unknown
aphorisms	08	595	3791aaf1a83f0c242530da4c5055fcd0391ca915	content/aphorisms/APH-304.brother-optout-pending.md	modified	unknown
aphorisms	08	595	3791aaf1a83f0c242530da4c5055fcd0391ca915	content/aphorisms/APH-305.peatworthy-abstention-clerk.md	modified	unknown
aphorisms	08	595	3791aaf1a83f0c242530da4c5055fcd0391ca915	content/aphorisms/APH-306.scopekeeper-emeritus.md	modified	unknown
aphorisms	08	595	3791aaf1a83f0c242530da4c5055fcd0391ca915	content/aphorisms/APH-307.chairwoman-deferred-change.md	modified	unknown
aphorisms	08	595	3791aaf1a83f0c242530da4c5055fcd0391ca915	content/aphorisms/APH-308.sister-casserole-of-relief.md	modified	unknown
aphorisms	08	595	3791aaf1a83f0c242530da4c5055fcd0391ca915	content/aphorisms/APH-309.ribbonward-cordialis.md	modified	unknown
aphorisms	08	595	3791aaf1a83f0c242530da4c5055fcd0391ca915	content/aphorisms/APH-310.lionell-pancake-auditor.md	modified	unknown
aphorisms	08	595	3791aaf1a83f0c242530da4c5055fcd0391ca915	content/aphorisms/APH-311.eagleton-proclamation-clerk.md	modified	unknown
aphorisms	08	595	3791aaf1a83f0c242530da4c5055fcd0391ca915	content/aphorisms/APH-312.staged-sobriety.md	modified	unknown
aphorisms	08	595	3791aaf1a83f0c242530da4c5055fcd0391ca915	content/aphorisms/APH-313.archive-napkin.md	modified	unknown
aphorisms	08	595	3791aaf1a83f0c242530da4c5055fcd0391ca915	content/aphorisms/APH-314.mitigatrix-pending.md	modified	unknown
aphorisms	08	595	3791aaf1a83f0c242530da4c5055fcd0391ca915	content/aphorisms/APH-315.lilt-protocol.md	modified	unknown
aphorisms	08	595	3791aaf1a83f0c242530da4c5055fcd0391ca915	content/aphorisms/APH-316.pleading-margin.md	modified	unknown
aphorisms	08	595	3791aaf1a83f0c242530da4c5055fcd0391ca915	content/aphorisms/APH-317.apology-buoy.md	modified	unknown
aphorisms	08	595	3791aaf1a83f0c242530da4c5055fcd0391ca915	content/aphorisms/APH-318.threshold-crooner.md	modified	unknown
aphorisms	08	595	3791aaf1a83f0c242530da4c5055fcd0391ca915	content/aphorisms/APH-319.severance-cordial.md	modified	unknown
aphorisms	08	595	3791aaf1a83f0c242530da4c5055fcd0391ca915	content/aphorisms/APH-320.quiet-surplus.md	modified	unknown
aphorisms	08	595	3791aaf1a83f0c242530da4c5055fcd0391ca915	content/aphorisms/APH-321.ribbon-clause.md	modified	unknown
aphorisms	08	595	3791aaf1a83f0c242530da4c5055fcd0391ca915	content/aphorisms/APH-322.unchartable-ida.md	modified	unknown
aphorisms	08	595	3791aaf1a83f0c242530da4c5055fcd0391ca915	content/aphorisms/APH-323.caveat-snowglobe.md	modified	unknown
aphorisms	09	597	d444a15ce2fb49393a50c062ad4180cbca415a4b	content/aphorisms/APH-324.complimentary-ghostline.md	modified	unknown
aphorisms	09	597	d444a15ce2fb49393a50c062ad4180cbca415a4b	content/aphorisms/APH-325.peppy-clerk.md	modified	unknown
aphorisms	09	597	d444a15ce2fb49393a50c062ad4180cbca415a4b	content/aphorisms/APH-326.coverage-ledger-cherub.md	modified	unknown
aphorisms	09	597	d444a15ce2fb49393a50c062ad4180cbca415a4b	content/aphorisms/APH-327.minutes-without-motion.md	modified	unknown
aphorisms	09	597	d444a15ce2fb49393a50c062ad4180cbca415a4b	content/aphorisms/APH-400.bad-request-bob.md	modified	unknown
aphorisms	09	597	d444a15ce2fb49393a50c062ad4180cbca415a4b	content/aphorisms/APH-403.htaccessius-the-doorman.md	modified	unknown
aphorisms	09	597	d444a15ce2fb49393a50c062ad4180cbca415a4b	content/aphorisms/APH-404.404sy-mclostalot.md	modified	unknown
aphorisms	09	597	d444a15ce2fb49393a50c062ad4180cbca415a4b	content/aphorisms/APH-405.method-not-allowed-mel.md	modified	unknown
aphorisms	09	597	d444a15ce2fb49393a50c062ad4180cbca415a4b	content/aphorisms/APH-408.the-half-held-breath.md	modified	unknown
aphorisms	09	597	d444a15ce2fb49393a50c062ad4180cbca415a4b	content/aphorisms/APH-409.ledger-snag.md	modified	unknown
aphorisms	09	597	d444a15ce2fb49393a50c062ad4180cbca415a4b	content/aphorisms/APH-410.vacancy-notice.md	modified	unknown
aphorisms	09	597	d444a15ce2fb49393a50c062ad4180cbca415a4b	content/aphorisms/APH-411.inchkeeper-bale.md	modified	unknown
aphorisms	09	597	d444a15ce2fb49393a50c062ad4180cbca415a4b	content/aphorisms/APH-412.red-pencil-mercy.md	modified	unknown
aphorisms	09	597	d444a15ce2fb49393a50c062ad4180cbca415a4b	content/aphorisms/APH-413.barrelbody.md	modified	unknown
aphorisms	09	597	d444a15ce2fb49393a50c062ad4180cbca415a4b	content/aphorisms/APH-414.ribbon-mile.md	modified	unknown
aphorisms	09	597	d444a15ce2fb49393a50c062ad4180cbca415a4b	content/aphorisms/APH-415.jarlabel-stranger.md	modified	unknown
aphorisms	09	597	d444a15ce2fb49393a50c062ad4180cbca415a4b	content/aphorisms/APH-416.shelfmark-hollow.md	modified	unknown
aphorisms	09	597	d444a15ce2fb49393a50c062ad4180cbca415a4b	content/aphorisms/APH-417.the-unmet-bell.md	modified	unknown
aphorisms	09	597	d444a15ce2fb49393a50c062ad4180cbca415a4b	content/aphorisms/APH-418.teapotta-protocol.md	modified	unknown
aphorisms	09	597	d444a15ce2fb49393a50c062ad4180cbca415a4b	content/aphorisms/APH-421.wrong-door-finch.md	modified	unknown
aphorisms	09	597	d444a15ce2fb49393a50c062ad4180cbca415a4b	content/aphorisms/APH-422.form-sister-pale.md	modified	unknown
aphorisms	09	597	d444a15ce2fb49393a50c062ad4180cbca415a4b	content/aphorisms/APH-423.keyholder-null.md	modified	unknown
aphorisms	09	597	d444a15ce2fb49393a50c062ad4180cbca415a4b	content/aphorisms/APH-424.the-second-domino.md	modified	unknown
aphorisms	09	597	d444a15ce2fb49393a50c062ad4180cbca415a4b	content/aphorisms/APH-425.dawnstamp.md	modified	unknown
aphorisms	09	597	d444a15ce2fb49393a50c062ad4180cbca415a4b	content/aphorisms/APH-426.old-wire-pilgrim.md	modified	unknown
aphorisms	10	598	de6c0f161b7c3acc2bdb32d6118adfa42b412817	content/aphorisms/APH-428.safekeeping-clause.md	modified	unknown
aphorisms	10	598	de6c0f161b7c3acc2bdb32d6118adfa42b412817	content/aphorisms/APH-429.queue-matron.md	modified	unknown
aphorisms	10	598	de6c0f161b7c3acc2bdb32d6118adfa42b412817	content/aphorisms/APH-431.paper-crown.md	modified	unknown
aphorisms	10	598	de6c0f161b7c3acc2bdb32d6118adfa42b412817	content/aphorisms/APH-432.afterimage-clerk.md	modified	unknown
aphorisms	10	598	de6c0f161b7c3acc2bdb32d6118adfa42b412817	content/aphorisms/APH-433.sidecar-conflict-porter.md	modified	unknown
aphorisms	10	598	de6c0f161b7c3acc2bdb32d6118adfa42b412817	content/aphorisms/APH-434.obsolescence-steward.md	modified	unknown
aphorisms	10	598	de6c0f161b7c3acc2bdb32d6118adfa42b412817	content/aphorisms/APH-435.driftlocked-policy-box.md	modified	unknown
aphorisms	10	598	de6c0f161b7c3acc2bdb32d6118adfa42b412817	content/aphorisms/APH-451.the-quiet-injunction.md	modified	unknown
aphorisms	10	598	de6c0f161b7c3acc2bdb32d6118adfa42b412817	content/aphorisms/APH-502.bad-gateway-greg.md	modified	unknown
aphorisms	10	598	de6c0f161b7c3acc2bdb32d6118adfa42b412817	content/aphorisms/APH-503.servicey-unavailabelle.md	modified	unknown
aphorisms	10	598	de6c0f161b7c3acc2bdb32d6118adfa42b412817	content/aphorisms/APH-504.unanswered-knock.md	modified	unknown
aphorisms	10	598	de6c0f161b7c3acc2bdb32d6118adfa42b412817	content/aphorisms/APH-672.map-72-absentia.md	modified	unknown
aphorisms	10	598	de6c0f161b7c3acc2bdb32d6118adfa42b412817	content/aphorisms/APH-677.sealward-proxy-9.md	modified	unknown
aphorisms	10	598	de6c0f161b7c3acc2bdb32d6118adfa42b412817	content/aphorisms/APH-937.blinko-chompframe.md	modified	unknown
aphorisms	10	598	de6c0f161b7c3acc2bdb32d6118adfa42b412817	content/aphorisms/APH-938.vantage-hollow.md	modified	unknown
aphorisms	10	598	de6c0f161b7c3acc2bdb32d6118adfa42b412817	content/aphorisms/APH-DS-404-ALPHA.md	modified	unknown
aphorisms	10	598	de6c0f161b7c3acc2bdb32d6118adfa42b412817	content/aphorisms/APH-FREF-0020-MAPS.md	modified	unknown
aphorisms	10	598	de6c0f161b7c3acc2bdb32d6118adfa42b412817	content/aphorisms/APH-FREF-0030-AVSG.md	modified	unknown
aphorisms	10	598	de6c0f161b7c3acc2bdb32d6118adfa42b412817	content/aphorisms/APH-coma-observation-transcript.md	modified	unknown
aphorisms	10	598	de6c0f161b7c3acc2bdb32d6118adfa42b412817	content/aphorisms/APH-ffp-0385-progress-without-work.md	modified	unknown
aphorisms	10	598	de6c0f161b7c3acc2bdb32d6118adfa42b412817	content/aphorisms/aph-FFP-0380.md	modified	unknown
aphorisms	10	598	de6c0f161b7c3acc2bdb32d6118adfa42b412817	content/aphorisms/aph-FFP-0381.md	modified	unknown
aphorisms	10	598	de6c0f161b7c3acc2bdb32d6118adfa42b412817	content/aphorisms/aph-FFP-0382.md	modified	unknown
aphorisms	10	598	de6c0f161b7c3acc2bdb32d6118adfa42b412817	content/aphorisms/aph-FFP-0383.md	modified	unknown
aphorisms	10	598	de6c0f161b7c3acc2bdb32d6118adfa42b412817	content/aphorisms/aph-FFP-0384.md	modified	unknown
aphorisms	11	601	93f8c87852567c44cba329e3035b50493eae0355	content/aphorisms/APH-FREF-0040-AVDN.md	modified	unknown
aphorisms	11	601	93f8c87852567c44cba329e3035b50493eae0355	content/aphorisms/APH-FREF-0050-AVOC.md	modified	unknown
aphorisms	11	601	93f8c87852567c44cba329e3035b50493eae0355	content/aphorisms/APH-FREF-0060-ACMN.md	modified	unknown
aphorisms	11	601	93f8c87852567c44cba329e3035b50493eae0355	content/aphorisms/APH-FREF-0070-AOPT.md	modified	unknown
aphorisms	11	601	93f8c87852567c44cba329e3035b50493eae0355	content/aphorisms/APH-FREF-0080-SRBP.md	modified	unknown
aphorisms	11	601	93f8c87852567c44cba329e3035b50493eae0355	content/aphorisms/APH-FREF-0090-SRBG.md	modified	unknown
aphorisms	11	601	93f8c87852567c44cba329e3035b50493eae0355	content/aphorisms/APH-FREF-0100-DACB.md	modified	unknown
aphorisms	11	601	93f8c87852567c44cba329e3035b50493eae0355	content/aphorisms/APH-FREF-0110-DACS.md	modified	unknown
aphorisms	11	601	93f8c87852567c44cba329e3035b50493eae0355	content/aphorisms/APH-FREF-0120-DCSC.md	modified	unknown
aphorisms	11	601	93f8c87852567c44cba329e3035b50493eae0355	content/aphorisms/APH-FREF-0130-OCVH.md	modified	unknown
aphorisms	11	601	93f8c87852567c44cba329e3035b50493eae0355	content/aphorisms/APH-FREF-0140-OCVS.md	modified	unknown
aphorisms	11	601	93f8c87852567c44cba329e3035b50493eae0355	content/aphorisms/APH-FREF-0150-MAPA.md	modified	unknown
aphorisms	11	601	93f8c87852567c44cba329e3035b50493eae0355	content/aphorisms/APH-FREF-0160-MAII.md	modified	unknown
aphorisms	11	601	93f8c87852567c44cba329e3035b50493eae0355	content/aphorisms/APH-FREF-0170-LGEF.md	modified	unknown
aphorisms	11	601	93f8c87852567c44cba329e3035b50493eae0355	content/aphorisms/APH-FREF-0180-TDCI.md	modified	unknown
aphorisms	11	601	93f8c87852567c44cba329e3035b50493eae0355	content/aphorisms/APH-FREF-0190-SLHR.md	modified	unknown
aphorisms	11	601	93f8c87852567c44cba329e3035b50493eae0355	content/aphorisms/APH-FREF-0195-FWRU.md	modified	unknown
aphorisms	11	601	93f8c87852567c44cba329e3035b50493eae0355	content/aphorisms/APH-FREF-0200-CBAC.md	modified	unknown
aphorisms	11	601	93f8c87852567c44cba329e3035b50493eae0355	content/aphorisms/APH-FREF-0210-CBHN.md	modified	unknown
aphorisms	11	601	93f8c87852567c44cba329e3035b50493eae0355	content/aphorisms/APH-FREF-0220-CCMP.md	modified	unknown
aphorisms	11	601	93f8c87852567c44cba329e3035b50493eae0355	content/aphorisms/APH-FREF-0230-CMAL.md	modified	unknown
aphorisms	11	601	93f8c87852567c44cba329e3035b50493eae0355	content/aphorisms/APH-FREF-0240-CMRC.md	modified	unknown
aphorisms	11	601	93f8c87852567c44cba329e3035b50493eae0355	content/aphorisms/APH-FREF-0250-PRDM.md	modified	unknown
aphorisms	11	601	93f8c87852567c44cba329e3035b50493eae0355	content/aphorisms/APH-FREF-0260-BMDH.md	modified	unknown
aphorisms	11	601	93f8c87852567c44cba329e3035b50493eae0355	content/aphorisms/APH-FREF-0270-BMDC.md	modified	unknown
aphorisms	12	603	b7dcbb546768073c2a3deed755c041af80b3d5df	content/aphorisms/APH-FREF-0280-CBND.md	modified	unknown
aphorisms	12	603	b7dcbb546768073c2a3deed755c041af80b3d5df	content/aphorisms/APH-FREF-0300-CLOB.md	modified	unknown
aphorisms	12	603	b7dcbb546768073c2a3deed755c041af80b3d5df	content/aphorisms/APH-FREF-0310-CLOP.md	modified	unknown
aphorisms	12	603	b7dcbb546768073c2a3deed755c041af80b3d5df	content/aphorisms/APH-FREF-0320-CSEQ.md	modified	unknown
aphorisms	12	603	b7dcbb546768073c2a3deed755c041af80b3d5df	content/aphorisms/APH-FREF-0330-TSAC.md	modified	unknown
aphorisms	12	603	b7dcbb546768073c2a3deed755c041af80b3d5df	content/aphorisms/APH-FREF-0340-TSAB.md	modified	unknown
aphorisms	12	603	b7dcbb546768073c2a3deed755c041af80b3d5df	content/aphorisms/APH-FREF-0350-BHDS.md	modified	unknown
aphorisms	12	603	b7dcbb546768073c2a3deed755c041af80b3d5df	content/aphorisms/APH-FREF-0360-SAST.md	modified	unknown
aphorisms	12	603	b7dcbb546768073c2a3deed755c041af80b3d5df	content/aphorisms/APH-FREF-0370-DCST.md	modified	unknown
aphorisms	12	603	b7dcbb546768073c2a3deed755c041af80b3d5df	content/aphorisms/APH-FREF-0380-LBKP.md	modified	unknown
aphorisms	12	603	b7dcbb546768073c2a3deed755c041af80b3d5df	content/aphorisms/APH-FREF-0410-SCLB.md	modified	unknown
aphorisms	12	603	b7dcbb546768073c2a3deed755c041af80b3d5df	content/aphorisms/APH-FREF-0420-ANCL.md	modified	unknown
aphorisms	12	603	b7dcbb546768073c2a3deed755c041af80b3d5df	content/aphorisms/APH-FREF-0430-EASP.md	modified	unknown
aphorisms	12	603	b7dcbb546768073c2a3deed755c041af80b3d5df	content/aphorisms/APH-FREF-0500-EGYX.md	modified	unknown
aphorisms	12	603	b7dcbb546768073c2a3deed755c041af80b3d5df	content/aphorisms/APH-FREF-0510-AKDB.md	modified	unknown
aphorisms	12	603	b7dcbb546768073c2a3deed755c041af80b3d5df	content/aphorisms/APH-FREF-0520-ESTL.md	modified	unknown
aphorisms	12	603	b7dcbb546768073c2a3deed755c041af80b3d5df	content/aphorisms/APH-FREF-0530-ANXR.md	modified	unknown
aphorisms	12	603	b7dcbb546768073c2a3deed755c041af80b3d5df	content/aphorisms/APH-FREF-0540-ANXT.md	modified	unknown
aphorisms	12	603	b7dcbb546768073c2a3deed755c041af80b3d5df	content/aphorisms/APH-FREF-0550-APAN.md	modified	unknown
aphorisms	12	603	b7dcbb546768073c2a3deed755c041af80b3d5df	content/aphorisms/APH-FREF-0560-ASAR.md	modified	unknown
aphorisms	12	603	b7dcbb546768073c2a3deed755c041af80b3d5df	content/aphorisms/APH-FREF-0570-CELC.md	modified	unknown
aphorisms	12	603	b7dcbb546768073c2a3deed755c041af80b3d5df	content/aphorisms/APH-FREF-0580-CMPS.md	modified	unknown
aphorisms	12	603	b7dcbb546768073c2a3deed755c041af80b3d5df	content/aphorisms/aph-fref-0290-ocvh.md	modified	unknown
aphorisms	12	603	b7dcbb546768073c2a3deed755c041af80b3d5df	content/aphorisms/aph-fref-0400-metr.md	modified	unknown
aphorisms	12	603	b7dcbb546768073c2a3deed755c041af80b3d5df	content/aphorisms/aph-fref-0560-adjc.md	modified	unknown
aphorisms	12	603	b7dcbb546768073c2a3deed755c041af80b3d5df	content/aphorisms/aph-fref-0570-apcr.md	modified	unknown
aphorisms	13	608	d78d8f31d831f9b182896c4c23e6d489a1bba0b2	content/aphorisms/APH-FREF-0590-CPSP.md	modified	unknown
aphorisms	13	608	d78d8f31d831f9b182896c4c23e6d489a1bba0b2	content/aphorisms/APH-FREF-0600-CCPH.md	modified	unknown
aphorisms	13	608	d78d8f31d831f9b182896c4c23e6d489a1bba0b2	content/aphorisms/APH-FREF-0610-CTHR.md	modified	unknown
aphorisms	13	608	d78d8f31d831f9b182896c4c23e6d489a1bba0b2	content/aphorisms/APH-FREF-0620-CWSH.md	modified	unknown
aphorisms	13	608	d78d8f31d831f9b182896c4c23e6d489a1bba0b2	content/aphorisms/APH-FREF-0630-CWLV.md	modified	unknown
aphorisms	13	608	d78d8f31d831f9b182896c4c23e6d489a1bba0b2	content/aphorisms/APH-FREF-0640-DCER.md	modified	unknown
aphorisms	13	608	d78d8f31d831f9b182896c4c23e6d489a1bba0b2	content/aphorisms/APH-FREF-0650-ELFR.md	modified	unknown
aphorisms	13	608	d78d8f31d831f9b182896c4c23e6d489a1bba0b2	content/aphorisms/APH-FREF-0660-GLNG.md	modified	unknown
aphorisms	13	608	d78d8f31d831f9b182896c4c23e6d489a1bba0b2	content/aphorisms/APH-FREF-0670-GTCAP.md	modified	unknown
aphorisms	13	608	d78d8f31d831f9b182896c4c23e6d489a1bba0b2	content/aphorisms/APH-FREF-0680-GTLM.md	modified	unknown
aphorisms	13	608	d78d8f31d831f9b182896c4c23e6d489a1bba0b2	content/aphorisms/APH-FREF-0690-GBHM.md	modified	unknown
aphorisms	13	608	d78d8f31d831f9b182896c4c23e6d489a1bba0b2	content/aphorisms/APH-FREF-0700-HIAR.md	modified	unknown
aphorisms	13	608	d78d8f31d831f9b182896c4c23e6d489a1bba0b2	content/aphorisms/APH-FREF-0710-IKFR.md	modified	unknown
aphorisms	13	608	d78d8f31d831f9b182896c4c23e6d489a1bba0b2	content/aphorisms/APH-FREF-0720-ITBD.md	modified	unknown
aphorisms	13	608	d78d8f31d831f9b182896c4c23e6d489a1bba0b2	content/aphorisms/APH-FREF-0730-LCOB.md	modified	unknown
aphorisms	13	608	d78d8f31d831f9b182896c4c23e6d489a1bba0b2	content/aphorisms/APH-FREF-0740-MOC.md	modified	unknown
aphorisms	13	608	d78d8f31d831f9b182896c4c23e6d489a1bba0b2	content/aphorisms/APH-FREF-0750-PXCM.md	modified	unknown
aphorisms	13	608	d78d8f31d831f9b182896c4c23e6d489a1bba0b2	content/aphorisms/APH-FREF-0760-RSCL.md	modified	unknown
aphorisms	13	608	d78d8f31d831f9b182896c4c23e6d489a1bba0b2	content/aphorisms/APH-FREF-0770-RHKD.md	modified	unknown
aphorisms	13	608	d78d8f31d831f9b182896c4c23e6d489a1bba0b2	content/aphorisms/APH-FREF-0780-RSFL.md	modified	unknown
aphorisms	13	608	d78d8f31d831f9b182896c4c23e6d489a1bba0b2	content/aphorisms/APH-FREF-0790-RLIF.md	modified	unknown
aphorisms	13	608	d78d8f31d831f9b182896c4c23e6d489a1bba0b2	content/aphorisms/APH-fref-0650-pbc.md	unchanged	unknown
aphorisms	13	608	d78d8f31d831f9b182896c4c23e6d489a1bba0b2	content/aphorisms/APH-fref-0661-agbx.md	unchanged	unknown
aphorisms	13	608	d78d8f31d831f9b182896c4c23e6d489a1bba0b2	content/aphorisms/aph-fref-0635-wwlv.md	modified	unknown
aphorisms	13	608	d78d8f31d831f9b182896c4c23e6d489a1bba0b2	content/aphorisms/aph-fref-0636-wcr.md	modified	unknown
limericks	01	592	6abe1dc133dd6a4e6893006848ae25784a0cfc3f	content/limericks.md	unchanged	unknown
limericks	01	592	6abe1dc133dd6a4e6893006848ae25784a0cfc3f	content/limericks/LIM-FREF-0500-EGYX.md	modified	unknown
limericks	01	592	6abe1dc133dd6a4e6893006848ae25784a0cfc3f	content/limericks/LIM-FREF-0510-AKDB.md	modified	unknown
limericks	01	592	6abe1dc133dd6a4e6893006848ae25784a0cfc3f	content/limericks/LIM-FREF-0520-ESTL.md	modified	unknown
limericks	01	592	6abe1dc133dd6a4e6893006848ae25784a0cfc3f	content/limericks/LIM-FREF-0530-ANXR.md	modified	unknown
limericks	01	592	6abe1dc133dd6a4e6893006848ae25784a0cfc3f	content/limericks/LIM-FREF-0540-ANXT.md	modified	unknown
limericks	01	592	6abe1dc133dd6a4e6893006848ae25784a0cfc3f	content/limericks/LIM-FREF-0550-APAN.md	modified	unknown
limericks	01	592	6abe1dc133dd6a4e6893006848ae25784a0cfc3f	content/limericks/LIM-FREF-0560-ASAR.md	modified	unknown
limericks	01	592	6abe1dc133dd6a4e6893006848ae25784a0cfc3f	content/limericks/LIM-FREF-0570-CELC.md	modified	unknown
limericks	01	592	6abe1dc133dd6a4e6893006848ae25784a0cfc3f	content/limericks/LIM-FREF-0580-CMPS.md	modified	unknown
limericks	01	592	6abe1dc133dd6a4e6893006848ae25784a0cfc3f	content/limericks/LIM-FREF-0590-CPSP.md	modified	unknown
limericks	01	592	6abe1dc133dd6a4e6893006848ae25784a0cfc3f	content/limericks/LIM-FREF-0600-CCPH.md	modified	unknown
limericks	01	592	6abe1dc133dd6a4e6893006848ae25784a0cfc3f	content/limericks/LIM-FREF-0610-CTHR.md	modified	unknown
limericks	01	592	6abe1dc133dd6a4e6893006848ae25784a0cfc3f	content/limericks/LIM-FREF-0620-CWSH.md	modified	unknown
limericks	01	592	6abe1dc133dd6a4e6893006848ae25784a0cfc3f	content/limericks/LIM-FREF-0630-CWLV.md	modified	unknown
limericks	01	592	6abe1dc133dd6a4e6893006848ae25784a0cfc3f	content/limericks/LIM-FREF-0640-DCER.md	modified	unknown
limericks	01	592	6abe1dc133dd6a4e6893006848ae25784a0cfc3f	content/limericks/LIM-FREF-0650-ELFR.md	modified	unknown
limericks	01	592	6abe1dc133dd6a4e6893006848ae25784a0cfc3f	content/limericks/LIM-FREF-0660-GLNG.md	modified	unknown
limericks	01	592	6abe1dc133dd6a4e6893006848ae25784a0cfc3f	content/limericks/LIM-FREF-0670-GTCAP.md	modified	unknown
limericks	01	592	6abe1dc133dd6a4e6893006848ae25784a0cfc3f	content/limericks/LIM-FREF-0680-GTLM.md	modified	unknown
limericks	01	592	6abe1dc133dd6a4e6893006848ae25784a0cfc3f	content/limericks/LIM-FREF-0690-GBHM.md	modified	unknown
limericks	01	592	6abe1dc133dd6a4e6893006848ae25784a0cfc3f	content/limericks/LIM-FREF-0700-HIAR.md	modified	unknown
limericks	01	592	6abe1dc133dd6a4e6893006848ae25784a0cfc3f	content/limericks/LIM-FREF-0710-IKFR.md	modified	unknown
limericks	01	592	6abe1dc133dd6a4e6893006848ae25784a0cfc3f	content/limericks/LIM-FREF-0720-ITBD.md	modified	unknown
limericks	01	592	6abe1dc133dd6a4e6893006848ae25784a0cfc3f	content/limericks/LIM-FREF-0730-LCOB.md	modified	unknown
limericks	01	592	6abe1dc133dd6a4e6893006848ae25784a0cfc3f	content/limericks/LIM-FREF-0740-MOC.md	modified	unknown
limericks	02	594	a09f05fe3d02dd2de7ada8122a1142b907c3cdaf	content/limericks/LIM-FREF-0750-PXCM.md	modified	unknown
limericks	02	594	a09f05fe3d02dd2de7ada8122a1142b907c3cdaf	content/limericks/LIM-FREF-0760-RSCL.md	modified	unknown
limericks	02	594	a09f05fe3d02dd2de7ada8122a1142b907c3cdaf	content/limericks/LIM-FREF-0770-RHKD.md	modified	unknown
limericks	02	594	a09f05fe3d02dd2de7ada8122a1142b907c3cdaf	content/limericks/LIM-FREF-0780-RSFL.md	modified	unknown
limericks	02	594	a09f05fe3d02dd2de7ada8122a1142b907c3cdaf	content/limericks/LIM-FREF-0790-RLIF.md	modified	unknown
limericks	02	594	a09f05fe3d02dd2de7ada8122a1142b907c3cdaf	content/limericks/LIM-FREF-0800-SCRL.md	modified	unknown
limericks	02	594	a09f05fe3d02dd2de7ada8122a1142b907c3cdaf	content/limericks/LIM-FREF-0810-SLNT.md	modified	unknown
limericks	02	594	a09f05fe3d02dd2de7ada8122a1142b907c3cdaf	content/limericks/LIM-FREF-0820-SPC.md	modified	unknown
limericks	02	594	a09f05fe3d02dd2de7ada8122a1142b907c3cdaf	content/limericks/LIM-FREF-0830-SYMC.md	modified	unknown
limericks	02	594	a09f05fe3d02dd2de7ada8122a1142b907c3cdaf	content/limericks/LIM-FREF-0840-TEH.md	modified	unknown
limericks	02	594	a09f05fe3d02dd2de7ada8122a1142b907c3cdaf	content/limericks/LIM-FREF-0850-VARD.md	modified	unknown
limericks	02	594	a09f05fe3d02dd2de7ada8122a1142b907c3cdaf	content/limericks/LIM-FREF-0860-VEX.md	modified	unknown
limericks	02	594	a09f05fe3d02dd2de7ada8122a1142b907c3cdaf	content/limericks/LIM-FREF-0870-WTSL.md	modified	unknown
limericks	02	594	a09f05fe3d02dd2de7ada8122a1142b907c3cdaf	content/limericks/LIM-FREF-0880-WPRT.md	modified	unknown
limericks	02	594	a09f05fe3d02dd2de7ada8122a1142b907c3cdaf	content/limericks/LIM-LLG-0001-NAV.md	modified	unknown
limericks	02	594	a09f05fe3d02dd2de7ada8122a1142b907c3cdaf	content/limericks/LIM-LLG-0002-CED.md	modified	unknown
limericks	02	594	a09f05fe3d02dd2de7ada8122a1142b907c3cdaf	content/limericks/LIM-LLG-0003-SVR.md	modified	unknown
limericks	02	594	a09f05fe3d02dd2de7ada8122a1142b907c3cdaf	content/limericks/LIM-LLG-0004-SMD.md	modified	unknown
limericks	02	594	a09f05fe3d02dd2de7ada8122a1142b907c3cdaf	content/limericks/LIM-LLG-0007-COMA.md	unchanged	unknown
limericks	02	594	a09f05fe3d02dd2de7ada8122a1142b907c3cdaf	content/limericks/LIM-LLG-0012-A.md	unchanged	unknown
limericks	02	594	a09f05fe3d02dd2de7ada8122a1142b907c3cdaf	content/limericks/LIM-LLG-0019-COMA.md	unchanged	unknown
limericks	02	594	a09f05fe3d02dd2de7ada8122a1142b907c3cdaf	content/limericks/LIM-LLG-0020-COMA19-PBC.md	modified	unknown
limericks	02	594	a09f05fe3d02dd2de7ada8122a1142b907c3cdaf	content/limericks/LIM-LLG-0027-B.md	unchanged	unknown
limericks	02	594	a09f05fe3d02dd2de7ada8122a1142b907c3cdaf	content/limericks/LIM-LLG-0040-C.md	unchanged	unknown
limericks	02	594	a09f05fe3d02dd2de7ada8122a1142b907c3cdaf	content/limericks/LIM-LLG-0051-E.md	unchanged	unknown
limericks	03	596	22a25230c94ab992708d051773e0a1e1af635d7c	content/limericks/LIM-LLG-0052-MFX.md	modified	unknown
limericks	03	596	22a25230c94ab992708d051773e0a1e1af635d7c	content/limericks/LIM-LLG-0072-SOMA.md	unchanged	unknown
limericks	03	596	22a25230c94ab992708d051773e0a1e1af635d7c	content/limericks/LIM-LLG-0088-B.md	unchanged	unknown
limericks	03	596	22a25230c94ab992708d051773e0a1e1af635d7c	content/limericks/LIM-LLG-0103-COMA.md	unchanged	unknown
limericks	03	596	22a25230c94ab992708d051773e0a1e1af635d7c	content/limericks/LIM-LLG-0114-SOMA.md	unchanged	unknown
limericks	03	596	22a25230c94ab992708d051773e0a1e1af635d7c	content/limericks/LIM-LLG-0115-TNS.md	modified	unknown
limericks	03	596	22a25230c94ab992708d051773e0a1e1af635d7c	content/limericks/LIM-LLG-0217-CNTR.md	modified	unknown
limericks	03	596	22a25230c94ab992708d051773e0a1e1af635d7c	content/limericks/LIM-LLG-0218-FSD.md	modified	unknown
limericks	03	596	22a25230c94ab992708d051773e0a1e1af635d7c	content/limericks/LIM-LLG-0220-UIS.md	modified	unknown
limericks	03	596	22a25230c94ab992708d051773e0a1e1af635d7c	content/limericks/LIM-LLG-0223-EFA.md	modified	unknown
limericks	03	596	22a25230c94ab992708d051773e0a1e1af635d7c	content/limericks/LIM-LLG-0226-SUPR.md	modified	unknown
limericks	03	596	22a25230c94ab992708d051773e0a1e1af635d7c	content/limericks/LIM-LLG-0230-HYG.md	modified	unknown
limericks	03	596	22a25230c94ab992708d051773e0a1e1af635d7c	content/limericks/LIM-LLG-0244-FSC.md	modified	unknown
limericks	03	596	22a25230c94ab992708d051773e0a1e1af635d7c	content/limericks/LIM-LLG-0300-SC-X.md	modified	unknown
limericks	03	596	22a25230c94ab992708d051773e0a1e1af635d7c	content/limericks/LIM-LLG-0302-CNTR.md	modified	unknown
limericks	03	596	22a25230c94ab992708d051773e0a1e1af635d7c	content/limericks/LIM-LLG-0311-SRA.md	modified	unknown
limericks	03	596	22a25230c94ab992708d051773e0a1e1af635d7c	content/limericks/LIM-LLG-0316-LC22.md	modified	unknown
limericks	03	596	22a25230c94ab992708d051773e0a1e1af635d7c	content/limericks/LIM-LLG-0316-MBR.md	modified	unknown
limericks	03	596	22a25230c94ab992708d051773e0a1e1af635d7c	content/limericks/LIM-LLG-0317-RLS.md	modified	unknown
limericks	03	596	22a25230c94ab992708d051773e0a1e1af635d7c	content/limericks/LIM-LLG-0318-SRO.md	modified	unknown
limericks	03	596	22a25230c94ab992708d051773e0a1e1af635d7c	content/limericks/LIM-LLG-0319-PAS.md	modified	unknown
limericks	03	596	22a25230c94ab992708d051773e0a1e1af635d7c	content/limericks/LIM-LLG-0320-FRK.md	modified	unknown
limericks	03	596	22a25230c94ab992708d051773e0a1e1af635d7c	content/limericks/LIM-LLG-0321-DRT.md	modified	unknown
limericks	03	596	22a25230c94ab992708d051773e0a1e1af635d7c	content/limericks/LIM-LLG-0322-FTD.md	modified	unknown
limericks	03	596	22a25230c94ab992708d051773e0a1e1af635d7c	content/limericks/LIM-LLG-0323-ASD.md	modified	unknown
limericks	04	599	127f857a382183bc5f919d8e37a79753f116abb6	content/limericks/LIM-LLG-0323-LC04.md	modified	unknown
limericks	04	599	127f857a382183bc5f919d8e37a79753f116abb6	content/limericks/LIM-LLG-0324-MAP.md	modified	unknown
limericks	04	599	127f857a382183bc5f919d8e37a79753f116abb6	content/limericks/LIM-LLG-0325-ORT.md	modified	unknown
limericks	04	599	127f857a382183bc5f919d8e37a79753f116abb6	content/limericks/LIM-LLG-0326-DCB.md	modified	unknown
limericks	04	599	127f857a382183bc5f919d8e37a79753f116abb6	content/limericks/LIM-LLG-0326-DXS.md	modified	unknown
limericks	04	599	127f857a382183bc5f919d8e37a79753f116abb6	content/limericks/LIM-LLG-0327-AVA.md	modified	unknown
limericks	04	599	127f857a382183bc5f919d8e37a79753f116abb6	content/limericks/LIM-LLG-0327-AVR.md	modified	unknown
limericks	04	599	127f857a382183bc5f919d8e37a79753f116abb6	content/limericks/LIM-LLG-0328-MEC.md	modified	unknown
limericks	04	599	127f857a382183bc5f919d8e37a79753f116abb6	content/limericks/LIM-LLG-0329-OIR.md	modified	unknown
limericks	04	599	127f857a382183bc5f919d8e37a79753f116abb6	content/limericks/LIM-LLG-0330-TDE.md	modified	unknown
limericks	04	599	127f857a382183bc5f919d8e37a79753f116abb6	content/limericks/LIM-LLG-0331-TPI.md	modified	unknown
limericks	04	599	127f857a382183bc5f919d8e37a79753f116abb6	content/limericks/LIM-LLG-0332-SCD.md	modified	unknown
limericks	04	599	127f857a382183bc5f919d8e37a79753f116abb6	content/limericks/LIM-LLG-0333-MEO.md	modified	unknown
limericks	04	599	127f857a382183bc5f919d8e37a79753f116abb6	content/limericks/LIM-LLG-0334-CSI.md	modified	unknown
limericks	04	599	127f857a382183bc5f919d8e37a79753f116abb6	content/limericks/LIM-LLG-0336-CSE.md	modified	unknown
limericks	04	599	127f857a382183bc5f919d8e37a79753f116abb6	content/limericks/LIM-LLG-0338-SBI.md	modified	unknown
limericks	04	599	127f857a382183bc5f919d8e37a79753f116abb6	content/limericks/LIM-LLG-0339-SIRC.md	modified	unknown
limericks	04	599	127f857a382183bc5f919d8e37a79753f116abb6	content/limericks/LIM-LLG-0340-BPO.md	modified	unknown
limericks	04	599	127f857a382183bc5f919d8e37a79753f116abb6	content/limericks/LIM-LLG-0341-LME.md	modified	unknown
limericks	04	599	127f857a382183bc5f919d8e37a79753f116abb6	content/limericks/LIM-LLG-0350-DOGE-CHARTER.md	modified	unknown
limericks	04	599	127f857a382183bc5f919d8e37a79753f116abb6	content/limericks/LIM-LLG-0351-DOGE-INTAKE.md	modified	unknown
limericks	04	599	127f857a382183bc5f919d8e37a79753f116abb6	content/limericks/LIM-LLG-0352-DOGE-RUBRIC.md	modified	unknown
limericks	04	599	127f857a382183bc5f919d8e37a79753f116abb6	content/limericks/LIM-LLG-0354-DOGE-EDGE-CASES.md	modified	unknown
limericks	04	599	127f857a382183bc5f919d8e37a79753f116abb6	content/limericks/LIM-LLG-0355-GEX-2R.md	modified	unknown
limericks	04	599	127f857a382183bc5f919d8e37a79753f116abb6	content/limericks/LIM-LLG-0356-DOGE-MEMO-FEELINGS.md	modified	unknown
limericks	05	600	921f2a72b97e9eb5be3af921c50abe4d649986e6	content/limericks/LIM-LLG-0357-DOGE-RID.md	modified	unknown
limericks	05	600	921f2a72b97e9eb5be3af921c50abe4d649986e6	content/limericks/LIM-LLG-0358-DOGE-W3.md	modified	unknown
limericks	05	600	921f2a72b97e9eb5be3af921c50abe4d649986e6	content/limericks/LIM-LLG-0359-DOGE-AFTERCARE.md	modified	unknown
limericks	05	600	921f2a72b97e9eb5be3af921c50abe4d649986e6	content/limericks/LIM-LLG-0360-RAGE-CHARTER.md	modified	unknown
limericks	05	600	921f2a72b97e9eb5be3af921c50abe4d649986e6	content/limericks/LIM-LLG-0361-DOGE-STAMP-DRIFT.md	modified	unknown
limericks	05	600	921f2a72b97e9eb5be3af921c50abe4d649986e6	content/limericks/LIM-LLG-0362-RAGE-EXTRACTION.md	modified	unknown
limericks	05	600	921f2a72b97e9eb5be3af921c50abe4d649986e6	content/limericks/LIM-LLG-0363-RAGE-MISIDENTIFICATION.md	modified	unknown
limericks	05	600	921f2a72b97e9eb5be3af921c50abe4d649986e6	content/limericks/LIM-LLG-0364-RAGE-BAIT-TAXONOMY.md	modified	unknown
limericks	05	600	921f2a72b97e9eb5be3af921c50abe4d649986e6	content/limericks/LIM-LLG-0365-BAIT-B2A.md	modified	unknown
limericks	05	600	921f2a72b97e9eb5be3af921c50abe4d649986e6	content/limericks/LIM-LLG-0366-BAIT-B4A.md	modified	unknown
limericks	05	600	921f2a72b97e9eb5be3af921c50abe4d649986e6	content/limericks/LIM-LLG-0367-BAIT-B3A.md	modified	unknown
limericks	05	600	921f2a72b97e9eb5be3af921c50abe4d649986e6	content/limericks/LIM-LLG-0368-RAGE-AQ.md	modified	unknown
limericks	05	600	921f2a72b97e9eb5be3af921c50abe4d649986e6	content/limericks/LIM-LLG-0369-DOGE-SWAB.md	modified	unknown
limericks	05	600	921f2a72b97e9eb5be3af921c50abe4d649986e6	content/limericks/LIM-LLG-0370-XEV.md	modified	unknown
limericks	05	600	921f2a72b97e9eb5be3af921c50abe4d649986e6	content/limericks/LIM-LLG-0371-BAIT-B2B.md	modified	unknown
limericks	05	600	921f2a72b97e9eb5be3af921c50abe4d649986e6	content/limericks/LIM-LLG-0372-BAIT-B5.md	modified	unknown
limericks	05	600	921f2a72b97e9eb5be3af921c50abe4d649986e6	content/limericks/LIM-LLG-0373-DOGE-W5.md	modified	unknown
limericks	05	600	921f2a72b97e9eb5be3af921c50abe4d649986e6	content/limericks/LIM-LLG-0374-DOGE-LA.md	modified	unknown
limericks	05	600	921f2a72b97e9eb5be3af921c50abe4d649986e6	content/limericks/LIM-LLG-0375-BREED.md	modified	unknown
limericks	05	600	921f2a72b97e9eb5be3af921c50abe4d649986e6	content/limericks/LIM-LLG-0376-BREED-GOV.md	modified	unknown
limericks	05	600	921f2a72b97e9eb5be3af921c50abe4d649986e6	content/limericks/LIM-LLG-0377-GRAT.md	modified	unknown
limericks	05	600	921f2a72b97e9eb5be3af921c50abe4d649986e6	content/limericks/LIM-LLG-0378-WFA.md	modified	unknown
limericks	05	600	921f2a72b97e9eb5be3af921c50abe4d649986e6	content/limericks/LIM-LLG-0379-ROBOT-MEMO.md	modified	unknown
limericks	05	600	921f2a72b97e9eb5be3af921c50abe4d649986e6	content/limericks/LIM-LLG-0380-MATCH.md	modified	unknown
limericks	05	600	921f2a72b97e9eb5be3af921c50abe4d649986e6	content/limericks/LIM-LLG-0381-OPTOUT.md	modified	unknown
limericks	06	602	78b32ec62ba5684947409e06e72c56564f60e337	content/limericks/LIM-LLG-0382-BPD.md	modified	unknown
limericks	06	602	78b32ec62ba5684947409e06e72c56564f60e337	content/limericks/LIM-LLG-0383-RAW.md	unchanged	unknown
limericks	06	602	78b32ec62ba5684947409e06e72c56564f60e337	content/limericks/LIM-LLG-0384-CIR.md	modified	unknown
limericks	06	602	78b32ec62ba5684947409e06e72c56564f60e337	content/limericks/LIM-LLG-0385-CEB.md	modified	unknown
limericks	06	602	78b32ec62ba5684947409e06e72c56564f60e337	content/limericks/LIM-LLG-0385-SED.md	modified	unknown
limericks	06	602	78b32ec62ba5684947409e06e72c56564f60e337	content/limericks/LIM-LLG-0386-LODGE-MERGE.md	modified	unknown
limericks	06	602	78b32ec62ba5684947409e06e72c56564f60e337	content/limericks/LIM-LLG-0387-SURV-NOP.md	modified	unknown
limericks	06	602	78b32ec62ba5684947409e06e72c56564f60e337	content/limericks/LIM-LLG-0388-EC-ORDER.md	modified	unknown
limericks	06	602	78b32ec62ba5684947409e06e72c56564f60e337	content/limericks/LIM-LLG-0389-AKL.md	modified	unknown
limericks	06	602	78b32ec62ba5684947409e06e72c56564f60e337	content/limericks/LIM-LLG-0389-MQM.md	modified	unknown
limericks	06	602	78b32ec62ba5684947409e06e72c56564f60e337	content/limericks/LIM-LLG-0390-HAP.md	modified	unknown
limericks	06	602	78b32ec62ba5684947409e06e72c56564f60e337	content/limericks/LIM-LLG-0390-KCL.md	modified	unknown
limericks	06	602	78b32ec62ba5684947409e06e72c56564f60e337	content/limericks/LIM-LLG-0391-LAA.md	modified	unknown
limericks	06	602	78b32ec62ba5684947409e06e72c56564f60e337	content/limericks/LIM-LLG-0391-RCD.md	modified	unknown
limericks	06	602	78b32ec62ba5684947409e06e72c56564f60e337	content/limericks/LIM-LLG-0392-RCS.md	modified	unknown
limericks	06	602	78b32ec62ba5684947409e06e72c56564f60e337	content/limericks/LIM-LLG-0392-SGL.md	modified	unknown
limericks	06	602	78b32ec62ba5684947409e06e72c56564f60e337	content/limericks/LIM-LLG-0393-BDA.md	modified	unknown
limericks	06	602	78b32ec62ba5684947409e06e72c56564f60e337	content/limericks/LIM-LLG-0393-RBR.md	modified	unknown
limericks	06	602	78b32ec62ba5684947409e06e72c56564f60e337	content/limericks/LIM-LLG-0394-PRS.md	modified	unknown
limericks	06	602	78b32ec62ba5684947409e06e72c56564f60e337	content/limericks/LIM-LLG-0395-MSS.md	modified	unknown
limericks	06	602	78b32ec62ba5684947409e06e72c56564f60e337	content/limericks/LIM-LLG-0396-MSP.md	modified	unknown
limericks	06	602	78b32ec62ba5684947409e06e72c56564f60e337	content/limericks/LIM-LLG-0397-SBF.md	modified	unknown
limericks	06	602	78b32ec62ba5684947409e06e72c56564f60e337	content/limericks/LIM-LLG-0398-CCO.md	modified	unknown
limericks	06	602	78b32ec62ba5684947409e06e72c56564f60e337	content/limericks/LIM-LLG-0399-OCS.md	unchanged	unknown
limericks	06	602	78b32ec62ba5684947409e06e72c56564f60e337	content/limericks/LIM-LLG-0400-CMA-TSP.md	modified	unknown
limericks	07	604	7bb0396260c9b20fac46e462326e669aa5b68021	content/limericks/LIM-LLG-0400-SCAS.md	modified	unknown
limericks	07	604	7bb0396260c9b20fac46e462326e669aa5b68021	content/limericks/LIM-LLG-0400-TRIAD.md	modified	unknown
limericks	07	604	7bb0396260c9b20fac46e462326e669aa5b68021	content/limericks/LIM-LLG-0401-GLP.md	modified	unknown
limericks	07	604	7bb0396260c9b20fac46e462326e669aa5b68021	content/limericks/LIM-LLG-0401-SCAS-ECHO.md	modified	unknown
limericks	07	604	7bb0396260c9b20fac46e462326e669aa5b68021	content/limericks/LIM-LLG-0402-FSR.md	modified	unknown
limericks	07	604	7bb0396260c9b20fac46e462326e669aa5b68021	content/limericks/LIM-LLG-0402-GMP.md	modified	unknown
limericks	07	604	7bb0396260c9b20fac46e462326e669aa5b68021	content/limericks/LIM-LLG-0403-CWR.md	modified	unknown
limericks	07	604	7bb0396260c9b20fac46e462326e669aa5b68021	content/limericks/LIM-LLG-0403-WBA.md	modified	unknown
limericks	07	604	7bb0396260c9b20fac46e462326e669aa5b68021	content/limericks/LIM-LLG-0404-DCP.md	modified	unknown
limericks	07	604	7bb0396260c9b20fac46e462326e669aa5b68021	content/limericks/LIM-LLG-0404-UPLC.md	modified	unknown
limericks	07	604	7bb0396260c9b20fac46e462326e669aa5b68021	content/limericks/LIM-LLG-0405-DEV.md	modified	unknown
limericks	07	604	7bb0396260c9b20fac46e462326e669aa5b68021	content/limericks/LIM-LLG-0405-SAC.md	modified	unknown
limericks	07	604	7bb0396260c9b20fac46e462326e669aa5b68021	content/limericks/LIM-LLG-0406-FSD.md	modified	unknown
limericks	07	604	7bb0396260c9b20fac46e462326e669aa5b68021	content/limericks/LIM-LLG-0407-SSP.md	modified	unknown
limericks	07	604	7bb0396260c9b20fac46e462326e669aa5b68021	content/limericks/LIM-LLG-0408-AH1.md	modified	unknown
limericks	07	604	7bb0396260c9b20fac46e462326e669aa5b68021	content/limericks/LIM-LLG-0409-PRE.md	modified	unknown
limericks	07	604	7bb0396260c9b20fac46e462326e669aa5b68021	content/limericks/LIM-LLG-040X-ANLAS.md	modified	unknown
limericks	07	604	7bb0396260c9b20fac46e462326e669aa5b68021	content/limericks/LIM-LLG-0450-SEAMS-PRESENT-TENSE.md	modified	unknown
limericks	07	604	7bb0396260c9b20fac46e462326e669aa5b68021	content/limericks/LIM-LLG-0451-JIGGLER-EMPATHEGY-BRIDGE.md	modified	unknown
limericks	07	604	7bb0396260c9b20fac46e462326e669aa5b68021	content/limericks/LIM-LLG-04XX-CLIN-404.md	modified	unknown
limericks	07	604	7bb0396260c9b20fac46e462326e669aa5b68021	content/limericks/LIM-LLG-0811-EG.md	modified	unknown
limericks	07	604	7bb0396260c9b20fac46e462326e669aa5b68021	content/limericks/LIM-LLG-0812-CTM.md	modified	unknown
limericks	07	604	7bb0396260c9b20fac46e462326e669aa5b68021	content/limericks/LIM-LLG-0820-MCR.md	modified	unknown
limericks	07	604	7bb0396260c9b20fac46e462326e669aa5b68021	content/limericks/LIM-LLG-0821-SCL.md	modified	unknown
limericks	07	604	7bb0396260c9b20fac46e462326e669aa5b68021	content/limericks/LIM-LLG-0822-RKI.md	modified	unknown
limericks	08	605	8997eebee2a4e620c5dd47fcea97abf515c4cac6	content/limericks/LIM-LLG-0824-GBC.md	modified	unknown
limericks	08	605	8997eebee2a4e620c5dd47fcea97abf515c4cac6	content/limericks/LIM-LLG-0833-GTA.md	modified	unknown
limericks	08	605	8997eebee2a4e620c5dd47fcea97abf515c4cac6	content/limericks/LIM-LLG-0840-RCL.md	modified	unknown
limericks	08	605	8997eebee2a4e620c5dd47fcea97abf515c4cac6	content/limericks/LIM-LLG-0842-PCL.md	modified	unknown
limericks	08	605	8997eebee2a4e620c5dd47fcea97abf515c4cac6	content/limericks/LIM-LLG-0846-SIP.md	modified	unknown
limericks	08	605	8997eebee2a4e620c5dd47fcea97abf515c4cac6	content/limericks/LIM-LLG-0851-CSI.md	modified	unknown
limericks	08	605	8997eebee2a4e620c5dd47fcea97abf515c4cac6	content/limericks/LIM-LLG-0857-WLI.md	modified	unknown
limericks	08	605	8997eebee2a4e620c5dd47fcea97abf515c4cac6	content/limericks/LIM-LLG-0861-ACS.md	modified	unknown
limericks	08	605	8997eebee2a4e620c5dd47fcea97abf515c4cac6	content/limericks/LIM-LLG-0861-ARC.md	modified	unknown
limericks	08	605	8997eebee2a4e620c5dd47fcea97abf515c4cac6	content/limericks/LIM-LLG-0861-FPP.md	modified	unknown
limericks	08	605	8997eebee2a4e620c5dd47fcea97abf515c4cac6	content/limericks/LIM-LLG-0861-FRL.md	modified	unknown
limericks	08	605	8997eebee2a4e620c5dd47fcea97abf515c4cac6	content/limericks/LIM-LLG-0863-MAS.md	modified	unknown
limericks	08	605	8997eebee2a4e620c5dd47fcea97abf515c4cac6	content/limericks/LIM-LLG-08xx-EPS.md	modified	unknown
limericks	08	605	8997eebee2a4e620c5dd47fcea97abf515c4cac6	content/limericks/LIM-LLG-BHDSS-TOAST.md	modified	unknown
limericks	08	605	8997eebee2a4e620c5dd47fcea97abf515c4cac6	content/limericks/LIM-LLG-CLIN-COMP-KAIZEN.md	modified	unknown
limericks	08	605	8997eebee2a4e620c5dd47fcea97abf515c4cac6	content/limericks/LIM-LLG-CREDITS-GTA.md	modified	unknown
limericks	08	605	8997eebee2a4e620c5dd47fcea97abf515c4cac6	content/limericks/LIM-LLG-DMAIC-RITE.md	modified	unknown
limericks	08	605	8997eebee2a4e620c5dd47fcea97abf515c4cac6	content/limericks/LIM-LLG-EL-0x7E.md	modified	unknown
limericks	08	605	8997eebee2a4e620c5dd47fcea97abf515c4cac6	content/limericks/LIM-LLG-IA-8C-ANNEX.md	modified	unknown
limericks	08	605	8997eebee2a4e620c5dd47fcea97abf515c4cac6	content/limericks/LIM-LLG-IA-8C-DRIFT-01.md	modified	unknown
limericks	08	605	8997eebee2a4e620c5dd47fcea97abf515c4cac6	content/limericks/LIM-LLG-IA-8C-DRIFT-02.md	modified	unknown
limericks	08	605	8997eebee2a4e620c5dd47fcea97abf515c4cac6	content/limericks/LIM-LLG-MA-8C-PEPPY-01.md	modified	unknown
limericks	08	605	8997eebee2a4e620c5dd47fcea97abf515c4cac6	content/limericks/LIM-LLG-MA8C-06.md	modified	unknown
limericks	08	605	8997eebee2a4e620c5dd47fcea97abf515c4cac6	content/limericks/LIM-LLG-SYS-8-REINDEX-01.md	modified	unknown
limericks	08	605	8997eebee2a4e620c5dd47fcea97abf515c4cac6	content/limericks/LIM-LLG-SYS-8-REINDEX-02.md	modified	unknown
